{
    "loss": 0.2891417443752289,
    "accuracy": 0.9137930870056152
}