{
    "loss": 0.2629389762878418,
    "accuracy": 0.8793103694915771
}